symbol name,API importance,API importance (accurate)
__tls_get_addr,1.000000,1-10^-380.976
memalign,1.000000,1-10^-380.976
__stack_chk_fail,1.000000,1-10^-373.320
__errno_location,1.000000,1-10^-370.790
free,1.000000,1-10^-367.816
malloc,1.000000,1-10^-367.010
exit,1.000000,1-10^-364.254
__fprintf_chk,1.000000,1-10^-361.350
strlen,1.000000,1-10^-358.977
fwrite,1.000000,1-10^-357.227
strcmp,1.000000,1-10^-355.262
memcpy,1.000000,1-10^-350.594
fclose,1.000000,1-10^-348.790
close,1.000000,1-10^-342.789
realloc,1.000000,1-10^-327.074
strerror,1.000000,1-10^-326.061
getenv,1.000000,1-10^-322.605
__ctype_b_loc,1.000000,1-10^-318.715
strncmp,1.000000,1-10^-318.385
__cxa_finalize,1.000000,1-10^-318.098
strcpy,1.000000,1-10^-317.971
fflush,1.000000,1-10^-317.816
fputc,1.000000,1-10^-316.845
strncpy,1.000000,1-10^-315.317
read,1.000000,1-10^-314.656
memset,1.000000,1-10^-313.804
__printf_chk,1.000000,1-10^-310.357
calloc,1.000000,1-10^-302.074
write,1.000000,1-10^-301.002
__sprintf_chk,1.000000,1-10^-292.852
__snprintf_chk,1.000000,1-10^-284.853
__vfprintf_chk,1.000000,1-10^-281.056
puts,1.000000,1-10^-279.776
fputs,1.000000,1-10^-278.488
strstr,1.000000,1-10^-275.408
fgets,1.000000,1-10^-272.902
abort,1.000000,1-10^-267.636
time,1.000000,1-10^-267.376
getpid,1.000000,1-10^-264.799
strcasecmp,1.000000,1-10^-260.084
setlocale,1.000000,1-10^-256.765
access,1.000000,1-10^-256.457
getuid,1.000000,1-10^-255.859
__assert_fail,1.000000,1-10^-252.116
__memcpy_chk,1.000000,1-10^-251.537
gettimeofday,1.000000,1-10^-243.104
ferror,1.000000,1-10^-241.040
fread,1.000000,1-10^-234.181
opendir,1.000000,1-10^-234.130
fork,1.000000,1-10^-233.025
unlink,1.000000,1-10^-232.767
closedir,1.000000,1-10^-232.498
fdopen,1.000000,1-10^-230.348
geteuid,1.000000,1-10^-226.766
__ctype_tolower_loc,1.000000,1-10^-225.764
qsort,1.000000,1-10^-222.823
socket,1.000000,1-10^-222.480
putchar,1.000000,1-10^-219.296
signal,1.000000,1-10^-217.663
dcgettext,1.000000,1-10^-217.605
stpcpy,1.000000,1-10^-216.487
sigaction,1.000000,1-10^-212.791
__strcpy_chk,1.000000,1-10^-212.586
sigemptyset,1.000000,1-10^-206.587
__vsnprintf_chk,1.000000,1-10^-204.802
__errno_location,1.000000,1-10^-200.871
close,1.000000,1-10^-199.500
sscanf,1.000000,1-10^-199.229
pipe,1.000000,1-10^-198.497
bindtextdomain,1.000000,1-10^-197.628
waitpid,1.000000,1-10^-197.152
getgid,1.000000,1-10^-196.781
feof,1.000000,1-10^-194.898
select,1.000000,1-10^-193.013
rename,1.000000,1-10^-192.198
getpwuid,1.000000,1-10^-191.798
kill,1.000000,1-10^-191.475
dup2,1.000000,1-10^-190.306
perror,1.000000,1-10^-189.952
read,1.000000,1-10^-189.881
connect,1.000000,1-10^-189.572
write,1.000000,1-10^-188.334
isatty,1.000000,1-10^-188.293
memchr,1.000000,1-10^-187.010
getpwnam,1.000000,1-10^-180.108
chdir,1.000000,1-10^-179.170
textdomain,1.000000,1-10^-178.714
__ctype_toupper_loc,1.000000,1-10^-177.899
getegid,1.000000,1-10^-176.714
getaddrinfo,1.000000,1-10^-174.420
readlink,1.000000,1-10^-173.396
strtod,1.000000,1-10^-171.606
strcat,1.000000,1-10^-171.435
mkdir,1.000000,1-10^-170.923
pthread_key_create,1.000000,1-10^-170.451
strncasecmp,1.000000,1-10^-169.054
chmod,1.000000,1-10^-169.015
ungetc,1.000000,1-10^-167.932
pthread_setspecific,1.000000,1-10^-167.516
freeaddrinfo,1.000000,1-10^-167.219
nanosleep,1.000000,1-10^-167.073
munmap,1.000000,1-10^-165.196
localtime,1.000000,1-10^-164.392
sigprocmask,1.000000,1-10^-164.089
pthread_once,1.000000,1-10^-163.947
__strncpy_chk,1.000000,1-10^-163.838
setsockopt,1.000000,1-10^-161.967
sigaddset,1.000000,1-10^-160.269
strftime,1.000000,1-10^-160.135
fscanf,1.000000,1-10^-159.365
fchmod,1.000000,1-10^-158.812
__strcat_chk,1.000000,1-10^-157.913
nl_langinfo,1.000000,1-10^-157.421
poll,1.000000,1-10^-157.125
getcwd,1.000000,1-10^-156.568
__vasprintf_chk,1.000000,1-10^-156.511
pthread_mutex_init,1.000000,1-10^-155.778
pthread_mutex_lock,1.000000,1-10^-154.969
dup,1.000000,1-10^-153.341
fsync,1.000000,1-10^-152.611
sendmsg,1.000000,1-10^-151.057
dlopen,1.000000,1-10^-150.735
setenv,1.000000,1-10^-150.444
__ctype_get_mb_cur_max,1.000000,1-10^-150.288
iconv_open,1.000000,1-10^-149.302
sched_get_priority_max,1.000000,1-10^-148.812
strpbrk,1.000000,1-10^-148.286
sched_get_priority_min,1.000000,1-10^-147.387
pthread_mutex_unlock,1.000000,1-10^-147.343
fork,1.000000,1-10^-146.677
sigaction,1.000000,1-10^-146.398
connect,1.000000,1-10^-144.207
umask,1.000000,1-10^-144.151
sleep,1.000000,1-10^-144.141
pthread_mutex_destroy,1.000000,1-10^-141.760
bind,1.000000,1-10^-141.183
dlsym,1.000000,1-10^-141.022
waitpid,1.000000,1-10^-140.994
snprintf,1.000000,1-10^-140.039
pthread_mutex_init,1.000000,1-10^-138.044
pthread_mutex_lock,1.000000,1-10^-137.439
inet_ntop,1.000000,1-10^-137.097
execvp,1.000000,1-10^-136.926
getopt_long,1.000000,1-10^-135.480
dlclose,1.000000,1-10^-134.435
__cxa_atexit,1.000000,1-10^-134.314
gai_strerror,1.000000,1-10^-134.012
writev,1.000000,1-10^-133.994
regcomp,1.000000,1-10^-133.065
regexec,1.000000,1-10^-132.610
regexec,1.000000,1-10^-132.610
pthread_mutex_unlock,1.000000,1-10^-132.365
clock_gettime,1.000000,1-10^-132.175
nanosleep,1.000000,1-10^-131.160
pthread_getspecific,1.000000,1-10^-131.037
strspn,1.000000,1-10^-130.798
gethostname,1.000000,1-10^-130.170
rewind,1.000000,1-10^-129.174
__isoc99_sscanf,1.000000,1-10^-129.034
sendmsg,1.000000,1-10^-128.293
rand,1.000000,1-10^-128.035
dirfd,1.000000,1-10^-125.975
pthread_mutex_destroy,1.000000,1-10^-125.834
asprintf,1.000000,1-10^-125.261
fnmatch,1.000000,1-10^-125.240
execv,1.000000,1-10^-125.061
uname,1.000000,1-10^-124.207
getsockname,1.000000,1-10^-123.953
__memset_chk,1.000000,1-10^-122.471
recv,1.000000,1-10^-121.959
__asprintf_chk,1.000000,1-10^-121.792
dlerror,1.000000,1-10^-121.633
setvbuf,1.000000,1-10^-121.202
getsockopt,1.000000,1-10^-119.761
fsync,1.000000,1-10^-119.669
fseek,1.000000,1-10^-118.796
link,1.000000,1-10^-118.263
strtok,1.000000,1-10^-117.900
regfree,1.000000,1-10^-117.670
dcngettext,1.000000,1-10^-117.394
fchown,1.000000,1-10^-116.248
__longjmp_chk,1.000000,1-10^-114.526
__fsetlocking,1.000000,1-10^-114.011
pthread_cond_wait,1.000000,1-10^-113.531
pthread_cond_wait,1.000000,1-10^-113.531
__stpcpy_chk,1.000000,1-10^-113.058
strcspn,1.000000,1-10^-112.697
recvmsg,1.000000,1-10^-112.648
pthread_cond_init,1.000000,1-10^-112.020
pthread_cond_init,1.000000,1-10^-112.020
pthread_mutexattr_init,1.000000,1-10^-111.277
chown,1.000000,1-10^-110.620
pthread_mutexattr_destroy,1.000000,1-10^-109.737
pthread_key_delete,1.000000,1-10^-109.586
__uflow,1.000000,1-10^-109.214
shutdown,1.000000,1-10^-109.165
pthread_cond_signal,1.000000,1-10^-108.320
pthread_cond_signal,1.000000,1-10^-108.320
getpwuid_r,1.000000,1-10^-106.976
inet_pton,1.000000,1-10^-106.917
bind_textdomain_codeset,1.000000,1-10^-106.554
getpwnam_r,1.000000,1-10^-105.879
getppid,1.000000,1-10^-105.800
tcgetattr,1.000000,1-10^-105.398
sigfillset,1.000000,1-10^-104.996
sprintf,1.000000,1-10^-104.515
getnameinfo,1.000000,1-10^-102.804
tcsetattr,1.000000,1-10^-102.540
recv,1.000000,1-10^-101.273
getresuid,1.000000,1-10^-101.025
getresgid,1.000000,1-10^-101.011
symlink,1.000000,1-10^-100.663
pthread_cond_destroy,1.000000,1-10^-100.605
pthread_cond_destroy,1.000000,1-10^-100.605
setuid,1.000000,1-10^-100.506
iconv,1.000000,1-10^-99.910
pthread_cond_wait,1.000000,1-10^-98.325
pthread_cond_wait,1.000000,1-10^-98.325
pthread_cond_init,1.000000,1-10^-97.491
pthread_cond_init,1.000000,1-10^-97.491
getpeername,1.000000,1-10^-97.194
rmdir,1.000000,1-10^-97.023
pthread_create,1.000000,1-10^-96.910
remove,1.000000,1-10^-96.220
getservbyname,1.000000,1-10^-95.956
regerror,1.000000,1-10^-95.878
localtime_r,1.000000,1-10^-95.676
_setjmp,1.000000,1-10^-95.257
__open_2,1.000000,1-10^-95.224
mbtowc,1.000000,1-10^-94.821
__syslog_chk,1.000000,1-10^-94.607
posix_memalign,1.000000,1-10^-93.623
pthread_cond_signal,1.000000,1-10^-93.074
pthread_cond_signal,1.000000,1-10^-93.074
pthread_cond_broadcast,1.000000,1-10^-92.326
pthread_cond_broadcast,1.000000,1-10^-92.326
utimes,1.000000,1-10^-91.928
execve,1.000000,1-10^-91.670
gmtime,1.000000,1-10^-91.043
socketpair,1.000000,1-10^-90.570
recvmsg,1.000000,1-10^-90.346
__memmove_chk,1.000000,1-10^-89.604
__read_chk,1.000000,1-10^-88.932
iconv_close,1.000000,1-10^-88.499
pipe2,1.000000,1-10^-88.044
mempcpy,1.000000,1-10^-86.514
fdopendir,1.000000,1-10^-86.135
strncat,1.000000,1-10^-86.122
pthread_cond_destroy,1.000000,1-10^-85.412
pthread_cond_destroy,1.000000,1-10^-85.412
getxattr,1.000000,1-10^-84.822
pthread_attr_init,1.000000,1-10^-83.491
pthread_attr_init,1.000000,1-10^-83.491
mbrtowc,1.000000,1-10^-83.023
alarm,1.000000,1-10^-82.767
wctomb,1.000000,1-10^-82.540
unsetenv,1.000000,1-10^-82.335
lchown,1.000000,1-10^-82.183
pthread_rwlock_destroy,1.000000,1-10^-81.949
strtof,1.000000,1-10^-81.943
pthread_attr_destroy,1.000000,1-10^-81.931
pthread_attr_destroy,1.000000,1-10^-81.931
pthread_cond_broadcast,1.000000,1-10^-79.663
pthread_cond_broadcast,1.000000,1-10^-79.663
eventfd,1.000000,1-10^-79.388
pthread_rwlock_init,1.000000,1-10^-79.013
execl,1.000000,1-10^-78.987
pow,1.000000,1-10^-78.583
__h_errno_location,1.000000,1-10^-78.491
inet_aton,1.000000,1-10^-78.244
inotify_add_watch,1.000000,1-10^-78.022
localeconv,1.000000,1-10^-77.789
fgetxattr,1.000000,1-10^-77.703
usleep,1.000000,1-10^-77.151
__vsprintf_chk,1.000000,1-10^-77.136
openlog,1.000000,1-10^-77.110
pthread_attr_setstacksize,1.000000,1-10^-77.011
clearenv,1.000000,1-10^-76.477
floor,1.000000,1-10^-76.259
pthread_detach,1.000000,1-10^-76.168
if_nametoindex,1.000000,1-10^-75.743
setsid,1.000000,1-10^-74.582
shmctl,1.000000,1-10^-74.376
clock_gettime,1.000000,1-10^-74.200
sqrt,1.000000,1-10^-73.936
inotify_init,1.000000,1-10^-73.872
lgetxattr,1.000000,1-10^-73.302
setxattr,1.000000,1-10^-72.444
shmat,1.000000,1-10^-71.537
wcwidth,1.000000,1-10^-70.475
inotify_rm_watch,1.000000,1-10^-70.347
__dn_expand,1.000000,1-10^-70.318
__res_query,1.000000,1-10^-69.830
ceil,1.000000,1-10^-69.603
gmtime_r,1.000000,1-10^-69.000
getgrnam,1.000000,1-10^-68.873
ctime,1.000000,1-10^-68.495
inotify_init1,1.000000,1-10^-68.328
secure_getenv,1.000000,1-10^-68.241
__res_init,1.000000,1-10^-68.199
__h_errno_location,1.000000,1-10^-68.165
__strncat_chk,1.000000,1-10^-67.546
endservent,1.000000,1-10^-67.510
send,1.000000,1-10^-67.471
getopt,1.000000,1-10^-67.328
setgid,1.000000,1-10^-66.836
listen,1.000000,1-10^-66.795
strerror_r,1.000000,1-10^-66.771
getgrgid_r,1.000000,1-10^-66.767
cos,1.000000,1-10^-66.343
shmdt,1.000000,1-10^-65.720
shmget,1.000000,1-10^-64.748
wait,1.000000,1-10^-64.297
pthread_self,1.000000,1-10^-64.236
atan2,1.000000,1-10^-63.375
cfgetospeed,1.000000,1-10^-63.197
setmntent,1.000000,1-10^-62.659
endmntent,1.000000,1-10^-62.647
accept,1.000000,1-10^-62.567
llistxattr,1.000000,1-10^-62.432
fmod,1.000000,1-10^-62.346
gethostbyname,1.000000,1-10^-62.040
pthread_self,1.000000,1-10^-61.689
flistxattr,1.000000,1-10^-60.905
listxattr,1.000000,1-10^-60.903
raise,1.000000,1-10^-60.618
flockfile,1.000000,1-10^-60.344
funlockfile,1.000000,1-10^-60.291
sincos,1.000000,1-10^-60.159
clearerr,1.000000,1-10^-59.601
timegm,1.000000,1-10^-57.962
splice,1.000000,1-10^-57.959
strnlen,1.000000,1-10^-57.750
acos,1.000000,1-10^-57.171
send,1.000000,1-10^-56.775
recvfrom,1.000000,1-10^-55.380
ftell,1.000000,1-10^-55.066
iswprint,1.000000,1-10^-55.040
frexp,1.000000,1-10^-54.558
frexp,1.000000,1-10^-54.553
endpwent,1.000000,1-10^-54.422
putenv,1.000000,1-10^-54.353
popen,1.000000,1-10^-53.863
mbstowcs,1.000000,1-10^-53.836
tan,1.000000,1-10^-53.651
flockfile,1.000000,1-10^-53.621
funlockfile,1.000000,1-10^-53.567
sqrtf,1.000000,1-10^-53.437
readv,1.000000,1-10^-53.395
sendto,1.000000,1-10^-52.951
hypot,1.000000,1-10^-51.685
pclose,1.000000,1-10^-51.668
wcscoll,1.000000,1-10^-51.386
accept,1.000000,1-10^-51.118
initstate_r,1.000000,1-10^-51.114
random_r,1.000000,1-10^-51.114
exp,1.000000,1-10^-50.582
sched_yield,1.000000,1-10^-49.769
floorf,1.000000,1-10^-49.633
getgrgid,1.000000,1-10^-49.582
random,1.000000,1-10^-49.096
execlp,1.000000,1-10^-48.193
madvise,1.000000,1-10^-47.771
realpath,1.000000,1-10^-47.689
realpath,1.000000,1-10^-47.689
pthread_join,1.000000,1-10^-47.550
inet_ntoa,1.000000,1-10^-47.316
setbuf,1.000000,1-10^-46.083
epoll_ctl,1.000000,1-10^-45.595
ceilf,1.000000,1-10^-45.370
ttyname,1.000000,1-10^-43.559
towlower,1.000000,1-10^-43.413
sem_init,1.000000,1-10^-43.076
utime,1.000000,1-10^-42.793
sem_destroy,1.000000,1-10^-42.593
closelog,1.000000,1-10^-42.163
epoll_wait,1.000000,1-10^-41.693
rint,1.000000,1-10^-41.533
epoll_create1,1.000000,1-10^-41.151
error,1.000000,1-10^-40.594
wcsxfrm,1.000000,1-10^-40.104
__sigsetjmp,1.000000,1-10^-40.014
round,1.000000,1-10^-39.858
strverscmp,1.000000,1-10^-39.776
sched_setscheduler,1.000000,1-10^-39.724
log10,1.000000,1-10^-39.398
getmntent_r,1.000000,1-10^-39.371
pthread_cond_timedwait,1.000000,1-10^-38.997
pthread_cond_timedwait,1.000000,1-10^-38.997
pthread_cond_timedwait,1.000000,1-10^-38.997
pthread_cond_timedwait,1.000000,1-10^-38.997
dlvsym,1.000000,1-10^-38.287
mbsinit,1.000000,1-10^-38.141
system,1.000000,1-10^-37.761
shm_unlink,1.000000,1-10^-37.412
recvfrom,1.000000,1-10^-37.274
initgroups,1.000000,1-10^-37.176
__vsyslog_chk,1.000000,1-10^-36.980
shm_open,1.000000,1-10^-36.309
raise,1.000000,1-10^-36.210
getlogin,1.000000,1-10^-35.367
__realpath_chk,1.000000,1-10^-35.291
strchrnul,1.000000,1-10^-35.202
mkdtemp,1.000000,1-10^-35.004
getifaddrs,1.000000,1-10^-34.538
freeifaddrs,1.000000,1-10^-34.533
nearbyint,1.000000,1-10^-34.479
sched_getparam,1.000000,1-10^-34.302
fprintf,1.000000,1-10^-33.980
sigismember,1.000000,1-10^-33.844
sendto,1.000000,1-10^-33.425
sched_getscheduler,1.000000,1-10^-33.167
freopen,1.000000,1-10^-32.802
rand_r,1.000000,1-10^-32.569
chroot,1.000000,1-10^-32.082
seteuid,1.000000,1-10^-31.970
sync,1.000000,1-10^-31.968
iswalnum,1.000000,1-10^-31.710
fchdir,1.000000,1-10^-31.539
getgroups,1.000000,1-10^-31.368
sin,1.000000,1-10^-31.302
__fpending,1.000000,1-10^-31.004
strsignal,1.000000,1-10^-30.978
isspace,1.000000,1-10^-30.679
__xmknod,1.000000,1-10^-30.243
pathconf,1.000000,1-10^-30.174
dladdr,1.000000,1-10^-29.771
tzset,1.000000,1-10^-29.648
wcslen,1.000000,1-10^-29.434
mlock,1.000000,1-10^-29.161
getpgrp,1.000000,1-10^-28.625
__fread_chk,1.000000,1-10^-28.179
tcgetpgrp,1.000000,1-10^-28.144
wcrtomb,1.000000,1-10^-28.123
setpgid,1.000000,1-10^-27.794
sigdelset,1.000000,1-10^-27.649
strptime,1.000000,1-10^-27.202
getmntent,1.000000,1-10^-26.887
backtrace,1.000000,1-10^-26.715
__overflow,1.000000,1-10^-26.375
jrand48,1.000000,1-10^-26.123
log,1.000000,1-10^-25.873
tcflush,1.000000,1-10^-25.545
atoi,1.000000,1-10^-25.426
__xpg_basename,1.000000,1-10^-25.357
endgrent,1.000000,1-10^-25.303
pthread_mutex_trylock,1.000000,1-10^-24.977
isalpha,1.000000,1-10^-24.783
setgroups,1.000000,1-10^-24.776
errx,1.000000,1-10^-24.283
strcasestr,1.000000,1-10^-24.241
dirname,1.000000,1-10^-24.082
memrchr,1.000000,1-10^-23.926
fputs_unlocked,1.000000,1-10^-23.813
setlinebuf,1.000000,1-10^-23.812
_obstack_begin,1.000000,1-10^-23.734
_obstack_newchunk,1.000000,1-10^-23.732
iswspace,1.000000,1-10^-23.461
getpwent,1.000000,1-10^-22.928
getdtablesize,1.000000,1-10^-22.120
sem_wait,1.000000,1-10^-22.118
setegid,1.000000,1-10^-22.054
setpriority,1.000000,1-10^-22.041
iswcntrl,1.000000,1-10^-21.977
warnx,1.000000,1-10^-21.913
towupper,1.000000,1-10^-21.881
gethostbyaddr,1.000000,1-10^-21.830
ttyname_r,1.000000,1-10^-21.577
rewinddir,1.000000,1-10^-21.509
inet_addr,1.000000,1-10^-21.473
fwrite_unlocked,1.000000,1-10^-21.261
setitimer,1.000000,1-10^-21.261
daemon,1.000000,1-10^-21.039
times,1.000000,1-10^-20.888
obstack_free,1.000000,1-10^-20.799
pselect,1.000000,1-10^-20.751
wcstombs,1.000000,1-10^-20.561
wctob,1.000000,1-10^-20.506
isprint,1.000000,1-10^-20.465
cfsetospeed,1.000000,1-10^-20.361
cfsetispeed,1.000000,1-10^-20.332
getrusage,1.000000,1-10^-20.268
__poll_chk,1.000000,1-10^-19.978
faccessat,1.000000,1-10^-19.848
strcoll,1.000000,1-10^-19.818
clock_getres,1.000000,1-10^-19.646
vsnprintf,1.000000,1-10^-19.624
wcswidth,1.000000,1-10^-19.419
pthread_attr_setdetachstate,1.000000,1-10^-19.391
pthread_attr_setdetachstate,1.000000,1-10^-19.391
setreuid,1.000000,1-10^-19.293
gettext,1.000000,1-10^-19.282
memmem,1.000000,1-10^-19.216
isalnum,1.000000,1-10^-19.202
flock,1.000000,1-10^-19.028
wait,1.000000,1-10^-18.867
endutent,1.000000,1-10^-18.765
__isoc99_fscanf,1.000000,1-10^-18.759
semget,1.000000,1-10^-18.746
vfprintf,1.000000,1-10^-18.694
__libc_current_sigrtmin,1.000000,1-10^-18.638
utimensat,1.000000,1-10^-18.623
setpwent,1.000000,1-10^-18.604
semctl,1.000000,1-10^-18.530
mblen,1.000000,1-10^-18.356
mbsrtowcs,1.000000,1-10^-18.209
ppoll,1.000000,1-10^-18.116
backtrace_symbols,1.000000,1-10^-18.099
isxdigit,1.000000,1-10^-18.088
__res_ninit,1.000000,1-10^-18.043
msync,1.000000,1-10^-17.738
basename,1.000000,1-10^-17.726
__xpg_strerror_r,1.000000,1-10^-17.497
getutent,1.000000,1-10^-17.451
unlockpt,1.000000,1-10^-17.437
grantpt,1.000000,1-10^-17.416
fread_unlocked,1.000000,1-10^-17.414
pthread_rwlock_wrlock,1.000000,1-10^-17.327
sem_post,1.000000,1-10^-17.304
asctime,1.000000,1-10^-17.108
fflush_unlocked,1.000000,1-10^-16.918
__res_nclose,1.000000,1-10^-16.845
__res_nsearch,1.000000,1-10^-16.844
fdatasync,1.000000,1-10^-16.722
vasprintf,1.000000,1-10^-16.697
clock,1.000000,1-10^-16.692
rpmatch,1.000000,1-10^-16.629
nice,1.000000,1-10^-16.597
getgrouplist,1.000000,1-10^-16.566
setutent,1.000000,1-10^-16.460
getgrnam_r,1.000000,1-10^-16.435
__libc_current_sigrtmin,1.000000,1-10^-16.349
capget,1.000000,1-10^-16.070
pthread_rwlock_unlock,1.000000,1-10^-15.938
getpass,1.000000,1-10^-15.854
unlinkat,1.000000,1-10^-15.649
isupper,1.000000,1-10^-15.635
tolower,1.000000,1-10^-15.592
err,1.000000,1-10^-15.505
mprotect,1.000000,1-10^-15.324
readlinkat,1.000000,1-10^-15.094
wcschr,1.000000,1-10^-15.088
ns_parserr,1.000000,1-10^-14.909
ns_initparse,1.000000,1-10^-14.909
dgettext,1.000000,1-10^-14.906
setregid,1.000000,1-10^-14.698
setresuid,1.000000,1-10^-14.635
__openat_2,1.000000,1-10^-14.589
pthread_exit,1.000000,1-10^-14.452
pthread_exit,1.000000,1-10^-14.441
asin,1.000000,1-10^-14.408
sigsuspend,1.000000,1-10^-14.249
vfscanf,1.000000,1-10^-14.177
ptsname_r,1.000000,1-10^-14.075
gethostbyname_r,1.000000,1-10^-13.964
atan,1.000000,1-10^-13.892
mount,1.000000,1-10^-13.850
getprotobyname,1.000000,1-10^-13.794
trunc,1.000000,1-10^-13.659
getdomainname,1.000000,1-10^-13.578
execle,1.000000,1-10^-13.552
tcsetpgrp,1.000000,1-10^-13.310
difftime,1.000000,1-10^-13.283
name_to_handle_at,1.000000,1-10^-13.224
printf,1.000000,1-10^-13.109
sbrk,1.000000,1-10^-13.091
re_search,1.000000,1-10^-13.087
getpt,1.000000,1-10^-13.027
re_compile_pattern,1.000000,1-10^-12.921
fpathconf,1.000000,1-10^-12.903
msync,1.000000,1-10^-12.721
clock_getres,1.000000,1-10^-12.620
semop,1.000000,1-10^-12.603
lsetxattr,1.000000,1-10^-12.497
setresgid,1.000000,1-10^-12.466
warn,1.000000,1-10^-12.442
cfgetispeed,1.000000,1-10^-12.353
setgrent,1.000000,1-10^-12.338
futimens,1.000000,1-10^-12.311
canonicalize_file_name,1.000000,1-10^-12.135
fgets_unlocked,1.000000,1-10^-12.107
futimesat,1.000000,1-10^-11.915
vfork,1.000000,1-10^-11.817
pause,1.000000,1-10^-11.712
hasmntopt,1.000000,1-10^-11.695
mkfifo,1.000000,1-10^-11.374
__fpclassify,1.000000,1-10^-11.309
wcscmp,1.000000,1-10^-11.216
ftok,1.000000,1-10^-11.112
getgrent,1.000000,1-10^-10.998
pthread_kill,1.000000,1-10^-10.871
getsid,1.000000,1-10^-10.783
toupper,1.000000,1-10^-10.504
lrint,1.000000,1-10^-10.466
lround,1.000000,1-10^-10.428
modf,1.000000,1-10^-10.417
pthread_cancel,1.000000,1-10^-10.391
modf,1.000000,1-10^-10.309
fsetxattr,1.000000,1-10^-10.231
killpg,1.000000,1-10^-10.164
re_set_syntax,1.000000,1-10^-10.121
wcsdup,1.000000,1-10^-10.082
__libc_current_sigrtmax,1.000000,1-10^-9.965
btowc,1.000000,1-10^-9.772
sysinfo,1.000000,1-10^-9.771
isblank,1.000000,1-10^-9.739
__res_state,1.000000,1-10^-9.572
__res_state,1.000000,1-10^-9.529
tempnam,1.000000,1-10^-9.509
getnetbyname,1.000000,1-10^-9.407
getopt_long_only,1.000000,1-10^-9.391
wmemcpy,1.000000,1-10^-9.335
getservent,1.000000,1-10^-9.298
iswctype,1.000000,1-10^-9.112
wctype,1.000000,1-10^-9.112
iswupper,1.000000,1-10^-9.105
munlock,1.000000,1-10^-9.061
utmpname,1.000000,1-10^-9.059
ispunct,1.000000,1-10^-8.953
sincosf,1.000000,1-10^-8.935
setutxent,1.000000,1-10^-8.926
endutxent,1.000000,1-10^-8.926
cosf,1.000000,1-10^-8.901
pthread_rwlock_rdlock,1.000000,1-10^-8.866
if_indextoname,1.000000,1-10^-8.803
settimeofday,1.000000,1-10^-8.764
gethostbyname2,1.000000,1-10^-8.762
lutimes,1.000000,1-10^-8.754
pthread_setschedparam,1.000000,1-10^-8.660
pthread_setschedparam,1.000000,1-10^-8.660
strtold,1.000000,1-10^-8.657
getusershell,1.000000,1-10^-8.655
endusershell,1.000000,1-10^-8.651
setusershell,1.000000,1-10^-8.644
iscntrl,1.000000,1-10^-8.415
timerfd_create,1.000000,1-10^-8.354
sched_getaffinity,1.000000,1-10^-8.347
sched_getaffinity,1.000000,1-10^-8.347
timerfd_settime,1.000000,1-10^-8.309
umount2,1.000000,1-10^-8.290
gethostid,1.000000,1-10^-8.269
argz_create_sep,1.000000,1-10^-8.247
yp_get_default_domain,1.000000,1-10^-8.240
div,1.000000,1-10^-8.199
islower,1.000000,1-10^-8.141
pthread_setcancelstate,1.000000,1-10^-8.133
setservent,1.000000,1-10^-8.082
getpriority,1.000000,1-10^-8.046
openpty,1.000000,1-10^-8.027
isgraph,1.000000,1-10^-7.987
parse_printf_format,1.000000,1-10^-7.960
__sched_cpucount,1.000000,1-10^-7.922
cfmakeraw,1.000000,1-10^-7.871
ldexp,1.000000,1-10^-7.862
ldexp,1.000000,1-10^-7.857
wait3,1.000000,1-10^-7.814
vsprintf,1.000000,1-10^-7.812
isdigit,1.000000,1-10^-7.811
pthread_mutexattr_setpshared,1.000000,1-10^-7.706
__libc_current_sigrtmax,1.000000,1-10^-7.676
__strtod_internal,1.000000,1-10^-7.622
__open64_2,1.000000,1-10^-7.607
mremap,1.000000,1-10^-7.604
iswlower,1.000000,1-10^-7.597
pututline,1.000000,1-10^-7.577
ptrace,1.000000,1-10^-7.472
pthread_attr_setschedparam,1.000000,1-10^-7.341
pthread_attr_setschedparam,1.000000,1-10^-7.341
pthread_testcancel,1.000000,1-10^-7.340
error_at_line,1.000000,1-10^-7.157
lrintf,1.000000,1-10^-7.104
re_match,1.000000,1-10^-7.097
powf,1.000000,1-10^-7.072
iswdigit,1.000000,1-10^-7.071
sem_timedwait,1.000000,1-10^-7.044
iswalpha,1.000000,1-10^-7.012
pthread_attr_setschedpolicy,1.000000,1-10^-6.972
pthread_attr_setschedpolicy,1.000000,1-10^-6.972
strxfrm,1.000000,1-10^-6.945
fputc_unlocked,1.000000,1-10^-6.928
endspent,1.000000,1-10^-6.920
tanf,1.000000,1-10^-6.868
pthread_getattr_np,1.000000,1-10^-6.689
pthread_getschedparam,1.000000,1-10^-6.687
pthread_getschedparam,1.000000,1-10^-6.687
roundf,1.000000,1-10^-6.672
fchmodat,1.000000,1-10^-6.632
wait4,1.000000,1-10^-6.587
pthread_attr_setinheritsched,1.000000,1-10^-6.567
pthread_attr_setinheritsched,1.000000,1-10^-6.567
__sysv_signal,1.000000,1-10^-6.523
tcflow,1.000000,1-10^-6.505
fchownat,1.000000,1-10^-6.497
pthread_attr_getstack,1.000000,1-10^-6.402
freopen64,1.000000,1-10^-6.394
hstrerror,1.000000,1-10^-6.387
wordexp,1.000000,1-10^-6.292
wordfree,1.000000,1-10^-6.261
fesetenv,1.000000,1-10^-6.250
feholdexcept,1.000000,1-10^-6.240
__fpurge,1.000000,1-10^-6.238
wmemset,1.000000,1-10^-6.194
wcsncmp,1.000000,1-10^-6.149
yperr_string,1.000000,1-10^-6.120
wmemchr,1.000000,1-10^-6.098
getutxent,1.000000,1-10^-6.073
pthread_attr_getschedpolicy,1.000000,1-10^-6.045
pthread_attr_getschedpolicy,1.000000,1-10^-6.045
accept4,1.000000,1-10^-6.040
__freading,1.000000,1-10^-6.037
wmemcmp,1.000000,1-10^-6.018
bsearch,1.000000,1-10^-6.003
putspent,0.999999,1-10^-5.968
ulckpwdf,0.999999,1-10^-5.947
lckpwdf,0.999999,1-10^-5.947
ctime_r,0.999999,1-10^-5.936
linkat,0.999999,1-10^-5.918
mlockall,0.999999,1-10^-5.912
herror,0.999999,1-10^-5.891
scandirat,0.999999,1-10^-5.882
sync_file_range,0.999999,1-10^-5.864
fgetws,0.999999,1-10^-5.844
tcsendbreak,0.999999,1-10^-5.836
ngettext,0.999998,1-10^-5.811
mincore,0.999998,1-10^-5.807
iswpunct,0.999998,1-10^-5.776
fmodf,0.999998,1-10^-5.712
umount,0.999998,1-10^-5.671
__res_search,0.999998,1-10^-5.652
pthread_mutexattr_setprotocol,0.999998,1-10^-5.643
ether_aton,0.999998,1-10^-5.631
tcdrain,0.999998,1-10^-5.615
dngettext,0.999997,1-10^-5.546
posix_madvise,0.999996,1-10^-5.450
log2,0.999995,1-10^-5.336
wcsncpy,0.999995,1-10^-5.335
sethostname,0.999995,1-10^-5.333
mbsnrtowcs,0.999995,1-10^-5.311
getnetbyaddr,0.999995,1-10^-5.287
pututxline,0.999995,1-10^-5.273
removexattr,0.999994,1-10^-5.213
getspnam,0.999993,1-10^-5.184
utmpxname,0.999992,1-10^-5.074
dl_iterate_phdr,0.999991,1-10^-5.028
innetgr,0.999990,1-10^-5.021
futimes,0.999990,1-10^-5.019
qsort_r,0.999989,1-10^-4.954
open_memstream,0.999989,1-10^-4.954
iswgraph,0.999989,1-10^-4.951
updwtmp,0.999987,1-10^-4.901
getprotobynumber,0.999987,1-10^-4.898
atan2f,0.999986,1-10^-4.868
wcscasecmp,0.999985,1-10^-4.829
confstr,0.999983,1-10^-4.777
posix_openpt,0.999983,1-10^-4.766
__dn_skipname,0.999982,1-10^-4.742
gnu_dev_minor,0.999981,1-10^-4.720
gnu_dev_major,0.999981,1-10^-4.714
cbrt,0.999980,1-10^-4.708
wcsrtombs,0.999977,1-10^-4.637
lroundf,0.999977,1-10^-4.629
iswblank,0.999976,1-10^-4.621
register_printf_specifier,0.999976,1-10^-4.620
xdr_opaque,0.999974,1-10^-4.582
xdr_enum,0.999973,1-10^-4.563
xdr_string,0.999972,1-10^-4.552
clnttcp_create,0.999970,1-10^-4.520
iopl,0.999970,1-10^-4.520
modff,0.999967,1-10^-4.478
modff,0.999967,1-10^-4.478
__mempcpy_chk,0.999966,1-10^-4.471
nextafter,0.999966,1-10^-4.464
nextafterf,0.999959,1-10^-4.384
clock_settime,0.999949,1-10^-4.292
pthread_mutex_timedlock,0.999946,1-10^-4.267
pthread_condattr_init,0.999946,1-10^-4.266
pthread_condattr_init,0.999946,1-10^-4.266
pthread_condattr_destroy,0.999945,1-10^-4.261
pthread_condattr_destroy,0.999945,1-10^-4.261
ptsname,0.999943,1-10^-4.243
getservbyport,0.999934,1-10^-4.180
getloadavg,0.999933,1-10^-4.177
pthread_rwlock_trywrlock,0.999933,1-10^-4.174
pthread_attr_getstacksize,0.999933,1-10^-4.174
pthread_rwlock_tryrdlock,0.999931,1-10^-4.160
pthread_condattr_setclock,0.999929,1-10^-4.146
reboot,0.999925,1-10^-4.128
seekdir,0.999923,1-10^-4.113
sched_setaffinity,0.999923,1-10^-4.112
sched_setaffinity,0.999923,1-10^-4.112
rintf,0.999919,1-10^-4.093
srand48,0.999919,1-10^-4.093
__register_atfork,0.999916,1-10^-4.076
glob_pattern_p,0.999912,1-10^-4.057
sigaltstack,0.999911,1-10^-4.049
wcsnlen,0.999911,1-10^-4.048
tsearch,0.999892,1-10^-3.965
sem_trywait,0.999891,1-10^-3.963
symlinkat,0.999887,1-10^-3.946
tfind,0.999881,1-10^-3.925
swab,0.999860,1-10^-3.855
dlinfo,0.999854,1-10^-3.836
ether_aton_r,0.999853,1-10^-3.833
getitimer,0.999853,1-10^-3.833
drand48,0.999852,1-10^-3.829
dlmopen,0.999849,1-10^-3.822
ioperm,0.999839,1-10^-3.793
pthread_equal,0.999824,1-10^-3.755
pthread_equal,0.999824,1-10^-3.755
sigwait,0.999822,1-10^-3.750
sigwait,0.999822,1-10^-3.749
wcscpy,0.999819,1-10^-3.742
__wctomb_chk,0.999788,1-10^-3.673
capset,0.999779,1-10^-3.656
sinh,0.999779,1-10^-3.655
wcspbrk,0.999758,1-10^-3.617
wmemmove,0.999751,1-10^-3.604
renameat,0.999746,1-10^-3.595
tanh,0.999741,1-10^-3.586
wcsstr,0.999739,1-10^-3.584
__pow_finite,0.999739,1-10^-3.584
__swprintf_chk,0.999733,1-10^-3.574
mkdirat,0.999733,1-10^-3.574
lremovexattr,0.999732,1-10^-3.572
cosh,0.999727,1-10^-3.563
updwtmpx,0.999723,1-10^-3.558
telldir,0.999700,1-10^-3.522
__fgets_chk,0.999693,1-10^-3.513
backtrace_symbols_fd,0.999686,1-10^-3.502
__isoc99_scanf,0.999667,1-10^-3.478
cabs,0.999667,1-10^-3.477
truncf,0.999657,1-10^-3.465
ctermid,0.999653,1-10^-3.460
acosf,0.999620,1-10^-3.420
unshare,0.999557,1-10^-3.354
remainder,0.999540,1-10^-3.337
msgctl,0.999533,1-10^-3.330
clnt_perror,0.999530,1-10^-3.328
msgget,0.999520,1-10^-3.318
xdr_free,0.999511,1-10^-3.311
fgetpwent,0.999451,1-10^-3.260
tcdrain,0.999444,1-10^-3.255
ether_hostton,0.999441,1-10^-3.252
pthread_yield,0.999435,1-10^-3.248
isastream,0.999419,1-10^-3.236
yp_match,0.999414,1-10^-3.232
__vdprintf_chk,0.999373,1-10^-3.203
nftw,0.999369,1-10^-3.200
nftw,0.999369,1-10^-3.200
pause,0.999366,1-10^-3.198
__log10_finite,0.999341,1-10^-3.181
signalfd,0.999339,1-10^-3.180
setlogmask,0.999303,1-10^-3.157
putwc,0.999280,1-10^-3.142
fgetspent,0.999253,1-10^-3.127
setns,0.999223,1-10^-3.110
gcvt,0.999125,1-10^-3.058
mallopt,0.999039,1-10^-3.017
putpwent,0.999035,1-10^-3.016
klogctl,0.999007,1-10^-3.003
__pread_chk,0.998999,1-10^-3.000
fputws,0.998989,1-10^-2.995
timer_create,0.998972,1-10^-2.988
timer_settime,0.998972,1-10^-2.988
timer_settime,0.998972,1-10^-2.988
timer_create,0.998972,1-10^-2.988
timer_delete,0.998963,1-10^-2.984
timer_delete,0.998963,1-10^-2.984
wcsftime,0.998955,1-10^-2.981
__xmknodat,0.998938,1-10^-2.974
wcsncat,0.998925,1-10^-2.968
__sched_cpufree,0.998919,1-10^-2.966
__sched_cpualloc,0.998919,1-10^-2.966
endprotoent,0.998918,1-10^-2.966
mkfifoat,0.998907,1-10^-2.961
fgetgrent,0.998901,1-10^-2.959
cfsetspeed,0.998849,1-10^-2.939
setprotoent,0.998848,1-10^-2.939
setdomainname,0.998847,1-10^-2.938
getchar,0.998817,1-10^-2.927
re_compile_fastmap,0.998815,1-10^-2.926
vwarn,0.998791,1-10^-2.918
getprotoent,0.998790,1-10^-2.917
getspnam_r,0.998777,1-10^-2.913
valloc,0.998713,1-10^-2.890
ruserok,0.998694,1-10^-2.884
sgetspent,0.998559,1-10^-2.841
argp_parse,0.998291,1-10^-2.767
epoll_create,0.998276,1-10^-2.763
sem_getvalue,0.998274,1-10^-2.763
expf,0.998244,1-10^-2.755
frexpl,0.997881,1-10^-2.674
getauxval,0.997873,1-10^-2.672
asinf,0.997712,1-10^-2.641
getlogin_r,0.997629,1-10^-2.625
bzero,0.997596,1-10^-2.619
munlockall,0.997582,1-10^-2.617
wcstok,0.997539,1-10^-2.609
atol,0.997518,1-10^-2.605
tdestroy,0.997425,1-10^-2.589
get_current_dir_name,0.997423,1-10^-2.589
twalk,0.997400,1-10^-2.585
__dn_comp,0.997101,1-10^-2.538
sinf,0.996758,1-10^-2.489
sigsetmask,0.996497,1-10^-2.456
posix_spawn_file_actions_init,0.996464,1-10^-2.451
ungetwc,0.996313,1-10^-2.433
posix_spawn_file_actions_destroy,0.996284,1-10^-2.430
posix_spawn_file_actions_adddup2,0.996282,1-10^-2.430
posix_spawn_file_actions_addclose,0.996185,1-10^-2.418
wcsnrtombs,0.996022,1-10^-2.400
__iswctype_l,0.996015,1-10^-2.400
__strtof_l,0.996015,1-10^-2.400
__wctype_l,0.996015,1-10^-2.400
posix_spawnp,0.995995,1-10^-2.397
posix_spawnp,0.995995,1-10^-2.397
forkpty,0.995825,1-10^-2.379
setbuffer,0.995049,1-10^-2.305
atanh,0.994974,1-10^-2.299
clnt_create,0.994901,1-10^-2.292
__vswprintf_chk,0.994700,1-10^-2.276
acosh,0.994524,1-10^-2.262
siginterrupt,0.993433,1-10^-2.183
setpgrp,0.992931,1-10^-2.151
isfdtype,0.992681,1-10^-2.136
__recv_chk,0.992412,1-10^-2.120
sigset,0.991921,1-10^-2.093
init_module,0.991368,1-10^-2.064
lrand48,0.990836,1-10^-2.038
argp_state_help,0.990554,1-10^-2.025
wcscat,0.990455,1-10^-2.020
asinh,0.988513,1-10^-1.940
mktemp,0.988473,1-10^-1.938
getnetgrent,0.988460,1-10^-1.938
setnetgrent,0.988460,1-10^-1.938
endnetgrent,0.988460,1-10^-1.938
personality,0.983610,1-10^-1.785
argp_error,0.983052,1-10^-1.771
mtrace,0.982848,1-10^-1.766
__pthread_unwind_next,0.982077,1-10^-1.747
__pthread_register_cancel,0.982077,1-10^-1.747
pthread_setcanceltype,0.981914,1-10^-1.743
pthread_setcanceltype,0.981914,1-10^-1.743
__pthread_unregister_cancel,0.981693,1-10^-1.737
ffs,0.980906,1-10^-1.719
log1p,0.980651,1-10^-1.713
argz_insert,0.978621,1-10^-1.670
argz_append,0.977783,1-10^-1.653
wcstod,0.977627,1-10^-1.650
tdelete,0.977206,1-10^-1.642
endhostent,0.976639,1-10^-1.632
ether_ntohost,0.976194,1-10^-1.623
waitid,0.974504,1-10^-1.594
wcsrchr,0.972287,1-10^-1.557
logwtmp,0.971127,1-10^-1.540
getline,0.969332,1-10^-1.513
vfork,0.965465,1-10^-1.462
logf,0.965162,1-10^-1.458
setkey,0.963874,1-10^-1.442
encrypt,0.963874,1-10^-1.442
fmemopen,0.962181,1-10^-1.422
if_nameindex,0.960926,1-10^-1.408
if_freenameindex,0.960713,1-10^-1.406
pow10,0.959931,1-10^-1.397
xdrmem_create,0.959627,1-10^-1.394
re_exec,0.958782,1-10^-1.385
re_comp,0.958782,1-10^-1.385
stime,0.957670,1-10^-1.373
xdr_int,0.956371,1-10^-1.360
adjtime,0.955649,1-10^-1.353
expm1,0.955223,1-10^-1.349
atof,0.955107,1-10^-1.348
xdr_bytes,0.953944,1-10^-1.337
xdr_u_int,0.952591,1-10^-1.324
xdr_array,0.951508,1-10^-1.314
bindresvport,0.947350,1-10^-1.279
__log_finite,0.945776,1-10^-1.266
clnt_spcreateerror,0.945116,1-10^-1.261
xdr_opaque_auth,0.944968,1-10^-1.259
gethostbyaddr_r,0.943722,1-10^-1.250
getcontext,0.942419,1-10^-1.240
memccpy,0.941621,1-10^-1.234
clntudp_create,0.940591,1-10^-1.226
__dprintf_chk,0.940519,1-10^-1.226
isascii,0.938574,1-10^-1.212
authunix_create_default,0.937389,1-10^-1.203
pmap_getmaps,0.936222,1-10^-1.195
pmap_getport,0.936104,1-10^-1.195
readahead,0.936061,1-10^-1.194
hcreate,0.935012,1-10^-1.187
hsearch,0.935012,1-10^-1.187
hdestroy,0.934965,1-10^-1.187
lsearch,0.934737,1-10^-1.185
addmntent,0.932896,1-10^-1.173
sethostent,0.928101,1-10^-1.143
asctime_r,0.927246,1-10^-1.138
login_tty,0.925612,1-10^-1.128
scalbn,0.924046,1-10^-1.119
scalbn,0.924046,1-10^-1.119
pthread_attr_setscope,0.921610,1-10^-1.106
pthread_attr_setscope,0.921610,1-10^-1.106
dup3,0.913431,1-10^-1.063
pthread_setname_np,0.888488,1-10^-0.953
argz_stringify,0.886858,1-10^-0.946
sigtimedwait,0.885309,1-10^-0.940
log10f,0.884244,1-10^-0.936
initstate,0.873183,1-10^-0.897
fopencookie,0.872251,1-10^-0.894
setstate,0.869677,1-10^-0.885
getutid,0.814446,1-10^-0.732
argp_help,0.813093,1-10^-0.728
eventfd_read,0.795317,1-10^-0.689
eventfd_write,0.795317,1-10^-0.689
__wcscpy_chk,0.792251,1-10^-0.682
execvpe,0.774905,1-10^-0.648
scanf,0.773500,1-10^-0.645
ftime,0.760813,1-10^-0.621
getutline,0.756050,1-10^-0.613
sigwaitinfo,0.754616,1-10^-0.610
__powf_finite,0.746284,1-10^-0.596
setspent,0.740312,1-10^-0.586
getspent,0.737282,1-10^-0.581
cuserid,0.731435,1-10^-0.571
quotactl,0.726181,1-10^-0.563
pthread_attr_getschedparam,0.722820,1-10^-0.557
pthread_attr_getschedparam,0.722820,1-10^-0.557
copysign,0.713892,1-10^-0.543
copysign,0.713892,1-10^-0.543
sem_open,0.712181,1-10^-0.541
swapcontext,0.708619,1-10^-0.536
posix_spawnattr_setflags,0.708287,1-10^-0.535
posix_spawnattr_init,0.708287,1-10^-0.535
posix_spawnattr_destroy,0.708229,1-10^-0.535
sysctl,0.704366,1-10^-0.529
posix_spawn_file_actions_addopen,0.700654,1-10^-0.524
posix_spawnattr_setsigmask,0.695239,1-10^-0.516
getrpcbyname,0.677883,1-10^-0.492
syslog,0.665479,1-10^-0.476
clog,0.655690,1-10^-0.463
strerror_l,0.642035,1-10^-0.446
atanf,0.641539,1-10^-0.446
pthread_timedjoin_np,0.629521,1-10^-0.431
ether_ntoa,0.626780,1-10^-0.428
j1,0.621489,1-10^-0.422
j0,0.620324,1-10^-0.421
msgsnd,0.616376,1-10^-0.416
makecontext,0.614736,1-10^-0.414
msgrcv,0.614317,1-10^-0.414
sem_unlink,0.609399,1-10^-0.408
sem_close,0.598013,1-10^-0.396
endnetent,0.586425,1-10^-0.383
mq_getattr,0.584770,1-10^-0.382
setnetent,0.584763,1-10^-0.382
malloc_trim,0.580718,1-10^-0.377
__openat64_2,0.580582,1-10^-0.377
gethostent,0.579632,1-10^-0.376
pthread_attr_getdetachstate,0.578343,1-10^-0.375
pthread_attr_getdetachstate,0.578343,1-10^-0.375
catopen,0.576966,1-10^-0.374
getnetent,0.576121,1-10^-0.373
argz_add,0.575908,1-10^-0.373
cexp,0.570309,1-10^-0.367
mcheck,0.569296,1-10^-0.366
__vfwprintf_chk,0.567419,1-10^-0.364
csqrt,0.564653,1-10^-0.361
__getcwd_chk,0.556630,1-10^-0.353
fgetc_unlocked,0.554831,1-10^-0.351
clock_getcpuclockid,0.547667,1-10^-0.345
swscanf,0.542460,1-10^-0.340
__fwprintf_chk,0.540231,1-10^-0.337
__wcscat_chk,0.536168,1-10^-0.334
__recvfrom_chk,0.509715,1-10^-0.310
__wcsncpy_chk,0.509563,1-10^-0.309
crypt_r,0.508184,1-10^-0.308
erfc,0.499831,1-10^-0.301
clock_getcpuclockid,0.492705,1-10^-0.295
erf,0.492214,1-10^-0.294
clock_nanosleep,0.484158,1-10^-0.287
clock_nanosleep,0.484052,1-10^-0.287
__b64_ntop,0.482176,1-10^-0.286
lldiv,0.477921,1-10^-0.282
nrand48,0.468769,1-10^-0.275
wcstod_l,0.463399,1-10^-0.270
__isinff,0.441749,1-10^-0.253
__atan2_finite,0.427550,1-10^-0.242
__log10f_finite,0.424386,1-10^-0.240
fegetround,0.421948,1-10^-0.238
argp_failure,0.420727,1-10^-0.237
pthread_attr_setguardsize,0.415666,1-10^-0.233
setcontext,0.415262,1-10^-0.233
sigpending,0.412455,1-10^-0.231
getservbyname_r,0.396992,1-10^-0.220
fabs,0.382509,1-10^-0.209
fmax,0.381929,1-10^-0.209
fmin,0.364011,1-10^-0.197
wctrans,0.361254,1-10^-0.195
towctrans,0.361254,1-10^-0.195
setfsuid,0.356145,1-10^-0.191
register_printf_type,0.352904,1-10^-0.189
register_printf_modifier,0.352904,1-10^-0.189
clone,0.347016,1-10^-0.185
tmpnam,0.328316,1-10^-0.173
tmpnam_r,0.328309,1-10^-0.173
getutent_r,0.327908,1-10^-0.173
__logf_finite,0.318469,1-10^-0.167
fremovexattr,0.309261,1-10^-0.161
powl,0.292862,1-10^-0.150
gnu_get_libc_version,0.292632,1-10^-0.150
hypotf,0.290229,1-10^-0.149
endfsent,0.287796,1-10^-0.147
setfsent,0.286485,1-10^-0.147
getfsent,0.286485,1-10^-0.147
setfsgid,0.272866,1-10^-0.138
svcerr_systemerr,0.264587,1-10^-0.133
svc_sendreply,0.264587,1-10^-0.133
svcerr_noproc,0.264587,1-10^-0.133
svcerr_decode,0.264587,1-10^-0.133
pthread_attr_getguardsize,0.262505,1-10^-0.132
getutmpx,0.251198,1-10^-0.126
__cmsg_nxthdr,0.250991,1-10^-0.126
adjtimex,0.243450,1-10^-0.121
xdr_u_long,0.237969,1-10^-0.118
fetestexcept,0.232639,1-10^-0.115
tgamma,0.232162,1-10^-0.115
xdr_vector,0.231320,1-10^-0.114
vsscanf,0.230945,1-10^-0.114
xdr_char,0.229674,1-10^-0.113
pthread_spin_destroy,0.225282,1-10^-0.111
xdr_u_char,0.225062,1-10^-0.111
xdr_short,0.224465,1-10^-0.110
xdr_pointer,0.221238,1-10^-0.109
__expf_finite,0.220518,1-10^-0.108
fesetround,0.214458,1-10^-0.105
clnt_sperrno,0.203116,1-10^-0.099
xdr_replymsg,0.201860,1-10^-0.098
clnt_pcreateerror,0.200668,1-10^-0.097
fmaxf,0.195974,1-10^-0.095
authunix_create,0.195817,1-10^-0.095
vswscanf,0.184894,1-10^-0.089
vprintf,0.182395,1-10^-0.087
getsubopt,0.180296,1-10^-0.086
malloc_usable_size,0.179699,1-10^-0.086
pthread_spin_lock,0.168122,1-10^-0.080
__acos_finite,0.165133,1-10^-0.078
__hypot_finite,0.158004,1-10^-0.075
floorl,0.154757,1-10^-0.073
log2f,0.152621,1-10^-0.072
ns_get16,0.150350,1-10^-0.071
tanhf,0.149525,1-10^-0.070
xdr_callmsg,0.149298,1-10^-0.070
svc_getreqset,0.147140,1-10^-0.069
ns_name_uncompress,0.143836,1-10^-0.067
svc_register,0.142589,1-10^-0.067
pmap_unset,0.140997,1-10^-0.066
strfmon,0.137332,1-10^-0.064
wcsspn,0.136505,1-10^-0.064
posix_spawn,0.131119,1-10^-0.061
posix_spawn,0.131119,1-10^-0.061
feenableexcept,0.130328,1-10^-0.061
pthread_rwlockattr_init,0.124420,1-10^-0.058
__acosf_finite,0.118638,1-10^-0.055
__sinh_finite,0.118422,1-10^-0.055
lgamma_r,0.118252,1-10^-0.055
pwritev,0.117823,1-10^-0.054
preadv,0.117799,1-10^-0.054
sched_setparam,0.112771,1-10^-0.052
xdrstdio_create,0.110764,1-10^-0.051
sighold,0.109944,1-10^-0.051
exp2,0.105861,1-10^-0.049
__asinf_finite,0.102276,1-10^-0.047
__cosh_finite,0.102033,1-10^-0.047
posix_spawnattr_setpgroup,0.097970,1-10^-0.045
pivot_root,0.095081,1-10^-0.043
inet_makeaddr,0.093071,1-10^-0.042
xdr_long,0.089694,1-10^-0.041
cbrtf,0.089136,1-10^-0.041
sigrelse,0.087694,1-10^-0.040
xdr_double,0.087137,1-10^-0.040
xdr_bool,0.087063,1-10^-0.040
__atan2f_finite,0.086581,1-10^-0.039
__obstack_printf_chk,0.085682,1-10^-0.039
__isnanl,0.084580,1-10^-0.038
svctcp_create,0.084524,1-10^-0.038
delete_module,0.083477,1-10^-0.038
malloc_stats,0.080689,1-10^-0.037
sqrtl,0.079665,1-10^-0.036
fts_read,0.079613,1-10^-0.036
fts_open,0.079613,1-10^-0.036
fts_close,0.079605,1-10^-0.036
ceill,0.079409,1-10^-0.036
svcudp_create,0.077997,1-10^-0.035
pthread_rwlock_timedwrlock,0.077486,1-10^-0.035
abs,0.077258,1-10^-0.035
ustat,0.076722,1-10^-0.035
pmap_set,0.071685,1-10^-0.032
fts_set,0.069072,1-10^-0.031
svcerr_weakauth,0.068977,1-10^-0.031
getpwent_r,0.065127,1-10^-0.029
bcopy,0.064708,1-10^-0.029
inet_network,0.064371,1-10^-0.029
tee,0.063731,1-10^-0.029
xdr_callhdr,0.062411,1-10^-0.028
_seterr_reply,0.062411,1-10^-0.028
authnone_create,0.061787,1-10^-0.028
xdr_float,0.060488,1-10^-0.027
__asin_finite,0.059169,1-10^-0.026
iswxdigit,0.058488,1-10^-0.026
nearbyintl,0.057004,1-10^-0.025
inet_netof,0.056664,1-10^-0.025
__isoc99_vsscanf,0.055798,1-10^-0.025
pthread_rwlockattr_destroy,0.054388,1-10^-0.024
sched_rr_get_interval,0.054233,1-10^-0.024
log10l,0.053465,1-10^-0.024
pthread_setaffinity_np,0.051980,1-10^-0.023
pthread_setaffinity_np,0.051980,1-10^-0.023
fexecve,0.049046,1-10^-0.022
vsyslog,0.048297,1-10^-0.021
logl,0.047710,1-10^-0.021
mq_open,0.047607,1-10^-0.021
mq_unlink,0.047607,1-10^-0.021
__posix_getopt,0.047068,1-10^-0.021
posix_spawnattr_setsigdefault,0.046808,1-10^-0.021
fedisableexcept,0.045042,1-10^-0.020
__log2f_finite,0.045005,1-10^-0.020
xdr_u_short,0.044543,1-10^-0.020
pthread_barrier_init,0.044214,1-10^-0.020
pthread_barrier_wait,0.044207,1-10^-0.020
pthread_rwlockattr_setkind_np,0.043891,1-10^-0.019
psignal,0.043324,1-10^-0.019
pthread_barrier_destroy,0.043192,1-10^-0.019
sinl,0.042839,1-10^-0.019
catgets,0.042627,1-10^-0.019
roundl,0.042039,1-10^-0.019
catclose,0.041753,1-10^-0.019
__fpclassifyf,0.041686,1-10^-0.018
__pread64_chk,0.041306,1-10^-0.018
__log2_finite,0.040992,1-10^-0.018
fputwc,0.040696,1-10^-0.018
fminf,0.040112,1-10^-0.018
tanl,0.039975,1-10^-0.018
ldexpf,0.039528,1-10^-0.018
ldexpf,0.039528,1-10^-0.018
cpow,0.039455,1-10^-0.017
pthread_getaffinity_np,0.037672,1-10^-0.017
pthread_getaffinity_np,0.037672,1-10^-0.017
get_nprocs,0.036871,1-10^-0.016
cosl,0.036816,1-10^-0.016
atan2l,0.035987,1-10^-0.016
truncl,0.035935,1-10^-0.016
pthread_condattr_setpshared,0.035294,1-10^-0.016
__ppoll_chk,0.034512,1-10^-0.015
fmodl,0.034144,1-10^-0.015
frexpf,0.033486,1-10^-0.015
frexpf,0.033486,1-10^-0.015
__isinfl,0.033334,1-10^-0.015
coshf,0.033234,1-10^-0.015
sinhf,0.033229,1-10^-0.015
log2l,0.032945,1-10^-0.015
exp2l,0.032683,1-10^-0.014
ctan,0.032397,1-10^-0.014
yn,0.032136,1-10^-0.014
jn,0.032136,1-10^-0.014
pthread_rwlock_timedrdlock,0.032113,1-10^-0.014
sincosl,0.032037,1-10^-0.014
rintl,0.031853,1-10^-0.014
expl,0.031833,1-10^-0.014
ldexpl,0.030957,1-10^-0.014
log1pl,0.030310,1-10^-0.013
atoll,0.030232,1-10^-0.013
expm1l,0.030039,1-10^-0.013
cbrtl,0.029082,1-10^-0.013
ilogbl,0.028703,1-10^-0.013
scalbnl,0.028700,1-10^-0.013
logbl,0.028700,1-10^-0.013
scalbnl,0.028700,1-10^-0.013
__fpclassifyl,0.028565,1-10^-0.013
fabsf,0.027974,1-10^-0.012
setjmp,0.026872,1-10^-0.012
cabsf,0.026848,1-10^-0.012
y1,0.026338,1-10^-0.012
y0,0.026338,1-10^-0.012
pthread_spin_trylock,0.025965,1-10^-0.011
fegetenv,0.025861,1-10^-0.011
pthread_rwlockattr_setpshared,0.025144,1-10^-0.011
__b64_pton,0.024602,1-10^-0.011
xdr_uint64_t,0.024556,1-10^-0.011
ldexpl,0.024408,1-10^-0.011
asinl,0.023042,1-10^-0.010
atanl,0.022829,1-10^-0.010
acosl,0.022350,1-10^-0.010
brk,0.022112,1-10^-0.010
modfl,0.021441,1-10^-0.009
modfl,0.021441,1-10^-0.009
xdr_longlong_t,0.021027,1-10^-0.009
sigblock,0.020462,1-10^-0.009
epoll_pwait,0.019848,1-10^-0.009
fgetwc_unlocked,0.019460,1-10^-0.009
malloc_info,0.019057,1-10^-0.008
mkostemps64,0.018972,1-10^-0.008
xdr_int64_t,0.018699,1-10^-0.008
acct,0.018482,1-10^-0.008
fwide,0.017539,1-10^-0.008
remainderl,0.017507,1-10^-0.008
lfind,0.017504,1-10^-0.008
pthread_attr_setstack,0.017171,1-10^-0.008
rresvport,0.016997,1-10^-0.007
lroundl,0.016316,1-10^-0.007
remquol,0.016316,1-10^-0.007
fputwc_unlocked,0.016316,1-10^-0.007
_pthread_cleanup_push,0.016316,1-10^-0.007
_pthread_cleanup_pop,0.016316,1-10^-0.007
getw,0.016247,1-10^-0.007
sched_getcpu,0.014977,1-10^-0.007
fabsl,0.014893,1-10^-0.007
coshl,0.014748,1-10^-0.006
sinhl,0.014748,1-10^-0.006
putw,0.014638,1-10^-0.006
__res_querydomain,0.014189,1-10^-0.006
muntrace,0.013837,1-10^-0.006
mq_receive,0.013613,1-10^-0.006
mq_send,0.013613,1-10^-0.006
mq_timedreceive,0.013577,1-10^-0.006
__finitel,0.013447,1-10^-0.006
__finitel,0.013447,1-10^-0.006
xdr_uint32_t,0.013353,1-10^-0.006
log1pf,0.013345,1-10^-0.006
timer_getoverrun,0.013335,1-10^-0.006
timer_getoverrun,0.013335,1-10^-0.006
tanhl,0.013246,1-10^-0.006
gnu_get_libc_release,0.013075,1-10^-0.006
acoshl,0.012978,1-10^-0.006
asinhl,0.012978,1-10^-0.006
atanhl,0.012978,1-10^-0.006
tgammal,0.012590,1-10^-0.006
__signbit,0.012590,1-10^-0.006
__signbitl,0.012590,1-10^-0.006
lgammal,0.012590,1-10^-0.006
jnl,0.012590,1-10^-0.006
__signbitl,0.012590,1-10^-0.006
__signbit,0.012590,1-10^-0.006
hypotl,0.012590,1-10^-0.006
copysignl,0.012590,1-10^-0.006
nextafterl,0.012590,1-10^-0.006
ynl,0.012590,1-10^-0.006
copysignl,0.012590,1-10^-0.006
getservbyport_r,0.012387,1-10^-0.005
gethostbyname2_r,0.012380,1-10^-0.005
csqrtf,0.012218,1-10^-0.005
erff,0.011877,1-10^-0.005
sigqueue,0.011816,1-10^-0.005
cexpf,0.011444,1-10^-0.005
ffsll,0.011318,1-10^-0.005
erand48,0.011307,1-10^-0.005
ualarm,0.011240,1-10^-0.005
logb,0.010881,1-10^-0.005
semtimedop,0.010713,1-10^-0.005
clogf,0.010075,1-10^-0.004
swprintf,0.009812,1-10^-0.004
cpowf,0.008439,1-10^-0.004
mq_close,0.008172,1-10^-0.004
asinhf,0.007876,1-10^-0.003
ns_name_ntop,0.007745,1-10^-0.003
erfcf,0.007440,1-10^-0.003
tgammaf,0.007433,1-10^-0.003
key_gendes,0.007167,1-10^-0.003
svcudp_bufcreate,0.007167,1-10^-0.003
__libc_allocate_rtsig,0.007156,1-10^-0.003
__libc_allocate_rtsig,0.007156,1-10^-0.003
__gets_chk,0.006862,1-10^-0.003
timerfd_gettime,0.006789,1-10^-0.003
timer_gettime,0.006729,1-10^-0.003
timer_gettime,0.006729,1-10^-0.003
getmsg,0.006649,1-10^-0.003
putmsg,0.006649,1-10^-0.003
__res_mkquery,0.006611,1-10^-0.003
seed48,0.006529,1-10^-0.003
csinf,0.006212,1-10^-0.003
vmsplice,0.005933,1-10^-0.003
ccosf,0.005681,1-10^-0.002
mq_timedsend,0.005486,1-10^-0.002
mq_setattr,0.005486,1-10^-0.002
__res_send,0.005417,1-10^-0.002
wcstol_l,0.005228,1-10^-0.002
nan,0.005133,1-10^-0.002
__rpc_thread_svc_fdset,0.004651,1-10^-0.002
csin,0.004629,1-10^-0.002
acoshf,0.004342,1-10^-0.002
atanhf,0.004342,1-10^-0.002
ccos,0.004177,1-10^-0.002
ilogb,0.004051,1-10^-0.002
__sinhf_finite,0.003974,1-10^-0.002
expm1f,0.003692,1-10^-0.002
iswdigit_l,0.003585,1-10^-0.002
iswspace_l,0.003585,1-10^-0.002
iswupper_l,0.003585,1-10^-0.002
iswalpha_l,0.003585,1-10^-0.002
iswpunct_l,0.003585,1-10^-0.002
iswprint_l,0.003585,1-10^-0.002
iswlower_l,0.003585,1-10^-0.002
fegetexceptflag,0.003565,1-10^-0.002
fesetexceptflag,0.003565,1-10^-0.002
yp_order,0.003469,1-10^-0.002
ypprot_err,0.003469,1-10^-0.002
yp_master,0.003469,1-10^-0.002
yp_all,0.003469,1-10^-0.002
ccosh,0.003355,1-10^-0.001
csinh,0.003355,1-10^-0.001
ctanh,0.003355,1-10^-0.001
j0f,0.003275,1-10^-0.001
j1f,0.003275,1-10^-0.001
y0f,0.003275,1-10^-0.001
fputws_unlocked,0.003196,1-10^-0.001
sigvec,0.003166,1-10^-0.001
__sqrt_finite,0.002834,1-10^-0.001
getrpcport,0.002805,1-10^-0.001
yp_maplist,0.002805,1-10^-0.001
clock_settime,0.002638,1-10^-0.001
wmempcpy,0.002567,1-10^-0.001
lrintl,0.002524,1-10^-0.001
getnetname,0.002522,1-10^-0.001
csinhf,0.002378,1-10^-0.001
ccoshf,0.002378,1-10^-0.001
ctanhf,0.002378,1-10^-0.001
gets,0.002371,1-10^-0.001
ns_msg_getflag,0.001989,1-10^-0.001
pthread_attr_getinheritsched,0.001952,1-10^-0.001
pthread_attr_getinheritsched,0.001952,1-10^-0.001
getwd,0.001833,1-10^-0.001
re_search_2,0.001732,1-10^-0.001
pthread_attr_setaffinity_np,0.001708,1-10^-0.001
pthread_attr_setaffinity_np,0.001708,1-10^-0.001
ctanf,0.001672,1-10^-0.001
get_nprocs_conf,0.001590,1-10^-0.001
pthread_attr_getscope,0.001553,1-10^-0.001
pthread_attr_getscope,0.001553,1-10^-0.001
__vwprintf_chk,0.001536,1-10^-0.001
xdrrec_create,0.001366,1-10^-0.001
fegetexcept,0.001348,1-10^-0.001
__res_nquery,0.001330,1-10^-0.001
argz_add_sep,0.001315,1-10^-0.001
feupdateenv,0.001298,1-10^-0.001
feraiseexcept,0.001298,1-10^-0.001
__getwd_chk,0.001242,1-10^-0.001
wcscspn,0.001241,1-10^-0.001
re_match_2,0.001206,1-10^-0.001
sigisemptyset,0.001153,1-10^-0.001
csqrtl,0.001142,1-10^-0.000
cabsl,0.001122,1-10^-0.000
pthread_setconcurrency,0.001120,1-10^-0.000
clogl,0.001086,1-10^-0.000
pthread_setschedprio,0.000913,1-10^-0.000
pthread_mutexattr_gettype,0.000716,1-10^-0.000
cexpl,0.000693,1-10^-0.000
yp_bind,0.000665,1-10^-0.000
wcstold,0.000630,1-10^-0.000
getfsspec,0.000606,1-10^-0.000
iswxdigit_l,0.000582,1-10^-0.000
tolower_l,0.000582,1-10^-0.000
toupper_l,0.000582,1-10^-0.000
wcstof,0.000582,1-10^-0.000
iswblank_l,0.000582,1-10^-0.000
iswcntrl_l,0.000582,1-10^-0.000
csinl,0.000429,1-10^-0.000
ccosl,0.000429,1-10^-0.000
aio_fsync,0.000363,1-10^-0.000
getgrent_r,0.000312,1-10^-0.000
pthread_attr_getstackaddr,0.000308,1-10^-0.000
scalbnf,0.000269,1-10^-0.000
scalbnf,0.000269,1-10^-0.000
syncfs,0.000267,1-10^-0.000
getprotobyname_r,0.000239,1-10^-0.000
getprotobynumber_r,0.000220,1-10^-0.000
pthread_atfork,0.000201,1-10^-0.000
sockatmark,0.000184,1-10^-0.000
strtoumax,0.000172,1-10^-0.000
__isoc99_vfscanf,0.000072,1-10^-0.000
__wcstol_internal,0.000048,1-10^-0.000
__wcstoul_internal,0.000048,1-10^-0.000
__p_class,0.000029,1-10^-0.000
pthread_tryjoin_np,0.000025,1-10^-0.000
__p_rcode,0.000020,1-10^-0.000
labs,0.000018,1-10^-0.000
inet_nsap_ntoa,0.000018,1-10^-0.000
__wcrtomb_chk,0.000012,1-10^-0.000
xdrrec_endofrecord,0.000004,1-10^-0.000
xdrrec_eof,0.000004,1-10^-0.000
xdrrec_skiprecord,0.000004,1-10^-0.000
vscanf,0.000002,1-10^-0.000
__dn_count_labels,0.000000,1-10^-0.000
__loc_ntoa,0.000000,1-10^-0.000
ns_format_ttl,0.000000,1-10^-0.000
ns_makecanon,0.000000,1-10^-0.000
ns_name_pack,0.000000,1-10^-0.000
ns_name_pton,0.000000,1-10^-0.000
crealf,0.000000,1-10^-0.000
wcstoul_l,0.000000,1-10^-0.000
creal,0.000000,1-10^-0.000
ns_name_skip,0.000000,1-10^-0.000
ns_parse_ttl,0.000000,1-10^-0.000
ns_samedomain,0.000000,1-10^-0.000
ns_samename,0.000000,1-10^-0.000
strfmon_l,0.000000,1-10^-0.000
ns_sprintrr,0.000000,1-10^-0.000
key_encryptsession_pk,0.000000,1-10^-0.000
__acosh_finite,0.000000,1-10^-0.000
getaddrinfo_a,0.000000,1-10^-0.000
gai_cancel,0.000000,1-10^-0.000
realloc,0.000000,1-10^-0.000
munmap,0.000000,1-10^-0.000
mremap,0.000000,1-10^-0.000
mmap64,0.000000,1-10^-0.000
mmap,0.000000,1-10^-0.000
malloc,0.000000,1-10^-0.000
free,0.000000,1-10^-0.000
ns_sprintrrf,0.000000,1-10^-0.000
calloc,0.000000,1-10^-0.000
strcasecmp_l,0.000000,1-10^-0.000
__p_fqnname,0.000000,1-10^-0.000
yp_unbind,0.000000,1-10^-0.000
copysignf,0.000000,1-10^-0.000
__signbitf,0.000000,1-10^-0.000
__p_secstodate,0.000000,1-10^-0.000
conjf,0.000000,1-10^-0.000
conj,0.000000,1-10^-0.000
cimagf,0.000000,1-10^-0.000
cimag,0.000000,1-10^-0.000
__signbitf,0.000000,1-10^-0.000
ecb_crypt,0.000000,1-10^-0.000
__sym_ntos,0.000000,1-10^-0.000
__sym_ston,0.000000,1-10^-0.000
idna_to_ascii_lz,0.000000,1-10^-0.000
cargf,0.000000,1-10^-0.000
xdr_authunix_parms,0.000000,1-10^-0.000
__sqrtf_finite,0.000000,1-10^-0.000
carg,0.000000,1-10^-0.000
dladdr1,0.000000,1-10^-0.000
__isoc99_vscanf,0.000000,1-10^-0.000
lio_listio,0.000000,1-10^-0.000
xdr_uint16_t,0.000000,1-10^-0.000
xdr_u_hyper,0.000000,1-10^-0.000
xdr_int16_t,0.000000,1-10^-0.000
lio_listio,0.000000,1-10^-0.000
mq_notify,0.000000,1-10^-0.000
__mq_open_2,0.000000,1-10^-0.000
__ctype_get_mb_cur_max,0.000000,1-10^-0.000
xdr_int32_t,0.000000,1-10^-0.000
pthread_mutexattr_setprioceiling,0.000000,1-10^-0.000
get_avphys_pages,0.000000,1-10^-0.000
pthread_mutexattr_getprotocol,0.000000,1-10^-0.000
pthread_mutexattr_getpshared,0.000000,1-10^-0.000
pthread_mutexattr_getprioceiling,0.000000,1-10^-0.000
remap_file_pages,0.000000,1-10^-0.000
getdate_r,0.000000,1-10^-0.000
getfsfile,0.000000,1-10^-0.000
__fmodf_finite,0.000000,1-10^-0.000
pthread_mutex_getprioceiling,0.000000,1-10^-0.000
cbc_crypt,0.000000,1-10^-0.000
pthread_mutex_setprioceiling,0.000000,1-10^-0.000
pthread_rwlockattr_getkind_np,0.000000,1-10^-0.000
pthread_rwlockattr_getpshared,0.000000,1-10^-0.000
jnf,0.000000,1-10^-0.000
llabs,0.000000,1-10^-0.000
vwscanf,0.000000,1-10^-0.000
__chk_fail,0.000000,1-10^-0.000
fgetspent_r,0.000000,1-10^-0.000
llroundl,0.000000,1-10^-0.000
get_phys_pages,0.000000,1-10^-0.000
ruserok_af,0.000000,1-10^-0.000
getpublickey,0.000000,1-10^-0.000
pthread_condattr_getpshared,0.000000,1-10^-0.000
vfwscanf,0.000000,1-10^-0.000
fgetpwent_r,0.000000,1-10^-0.000
fgetgrent_r,0.000000,1-10^-0.000
ynf,0.000000,1-10^-0.000
verr,0.000000,1-10^-0.000
